"","train","test"
"oneAUC",0.805720201397608,0.796887191218498
"lowAUC",0.79250675275056,0.805461834835275
"highAUC",0.88153765231873,0.628168446504137
