"","train","test"
"oneAUC",0.844059799885326,0.801158565311656
"lowAUC",0.842214830438643,0.776033683667499
"highAUC",0.894838411991585,0.8565614279899
