"","train","test"
"oneAUC",0.816315811761314,0.807561414919602
"lowAUC",0.804274729192055,0.811655320279196
"highAUC",0.916109990941212,0.6756598831352
