"","train","test"
"oneAUC",0.844018842174512,0.782087811562633
"lowAUC",0.846261571647866,0.781120500655646
"highAUC",0.877108313536036,0.852026280597597
